invader_name,Latitude,Longitude,number
PA_1,48.8517553,2.3779934,1.0
PA_2,48.8610856,2.3504878999999996,2.0
PA_3,48.84885676666667,2.3485093,3.0
PA_4,48.847106733333334,2.3511694333333333,4.0
PA_5,48.85182221640533,2.3337414110565198,5.0
PA_6,48.85510213333333,2.336755033333333,6.0
PA_7,48.87317156666666,2.3634325,7.0
PA_8,48.865803649065896,2.3976442185363767,8.0
PA_9,48.8531359,2.3763674,9.0
PA_10,48.85325863333333,2.3757184666666666,10.0
PA_11,48.8552718,2.3755051500000004,11.0
PA_12,48.8552718,2.3755051500000004,12.0
PA_13,48.847347333333325,2.375497166666667,13.0
PA_14,48.8488123370823,2.372727944002787,14.0
PA_15,48.84810943333334,2.3807906333333335,15.0
PA_16,48.849507200000005,2.3743471333333335,16.0
PA_17,48.81575946666666,2.3618346666666667,17.0
PA_18,48.888539233333326,2.3412561333333333,18.0
PA_19,48.873216033333335,2.3640547333333335,19.0
PA_20,48.870678899999994,2.3458204666666664,20.0
PA_21,48.87029156666667,2.345591133333333,21.0
PA_22,48.8598547,2.3646362,22.0
PA_23,48.8621901,2.3534324,23.0
PA_24,48.833375233333335,2.3545323333333332,24.0
PA_25,48.86467210000001,2.363760633333333,25.0
PA_26,48.8612625,2.3464166,26.0
PA_27,48.86121283333333,2.3579355,27.0
PA_28,48.853939200000006,2.3765838666666665,28.0
PA_29,48.862592400000004,2.359879466666667,29.0
PA_30,48.86099576666667,2.3505217,30.0
PA_31,48.861250766666664,2.3506753000000002,31.0
PA_32,48.860975233333335,2.3627759000000004,32.0
PA_33,48.8586252,2.3587641,33.0
PA_34,48.85864900000001,2.358501066666667,34.0
PA_35,48.85717993333333,2.361727666666667,35.0
PA_36,48.837140766666664,2.3732511333333335,36.0
PA_37,48.855563700000005,2.3697668666666662,37.0
PA_38,48.853208566666666,2.3749328,38.0
PA_39,48.848324,2.3465855666666666,39.0
PA_40,48.847146366666664,2.348156833333333,40.0
PA_41,48.89766646666667,2.3859449666666666,41.0
PA_42,48.853796966666664,2.3369537333333334,42.0
PA_43,48.85370170000001,2.3426792,43.0
PA_44,48.85358173333333,2.3384873,44.0
PA_45,48.8514548,2.3381513,45.0
PA_46,48.8522697,2.3392240333333336,46.0
PA_47,48.85159573333333,2.3779611333333333,47.0
PA_48,48.8558629,2.3692972666666665,48.0
PA_49,48.86596226666666,2.3783749999999997,49.0
PA_50,48.854691233333334,2.3708682333333333,50.0
PA_51,48.85284479999999,2.3743986666666665,51.0
PA_52,48.8611645,2.3606873,52.0
PA_53,48.83688443333333,2.372287866666667,53.0
PA_54,48.8367791,2.3513854,54.0
PA_55,48.827788766666664,2.3528572000000003,55.0
PA_56,48.82876769999999,2.3515937,56.0
PA_57,48.83445656666667,2.369717533333333,57.0
PA_58,48.833693466666666,2.3704226,58.0
PA_59,48.84432906666667,2.2846288,59.0
PA_60,48.8635142,2.344472833333333,60.0
PA_61,48.86636576666667,2.3472432666666667,61.0
PA_62,48.86769906666666,2.3454476333333334,62.0
PA_63,48.85342803333333,2.3798529666666663,63.0
PA_64,48.8647654,2.297368666666667,64.0
PA_65,48.85309809999999,2.3738999,65.0
PA_66,48.88563713333334,2.3380712,66.0
PA_67,48.88563713333334,2.3380712,67.0
PA_68,48.88563713333334,2.3380712,68.0
PA_69,48.83465279999999,2.3541937333333336,69.0
PA_70,48.85684419999999,2.355449366666667,70.0
PA_71,48.85480286666667,2.359016066666667,71.0
PA_72,48.86162013333333,2.3674958333333334,72.0
PA_73,48.868409033333336,2.3793763,73.0
PA_74,48.8601353,2.3619922,74.0
PA_75,48.83429146666666,2.332470166666667,75.0
PA_76,48.8383709,2.357021833333333,76.0
PA_77,48.8471216,2.3314645333333335,77.0
PA_78,48.829024266666664,2.3530610333333333,78.0
PA_79,48.82788366666667,2.3514548,79.0
PA_80,48.8816297,2.3308904333333333,80.0
PA_81,48.864887,2.3779595666666666,81.0
PA_82,48.84690796666666,2.4085882333333335,82.0
PA_83,48.864560966666666,2.3645594666666665,83.0
PA_84,48.85600796666666,2.3666558666666666,84.0
PA_85,48.85319963333333,2.3781909,85.0
PA_86,48.85053906666667,2.3601862666666666,86.0
PA_87,48.837390866666674,2.374109466666667,87.0
PA_88,48.86200316666666,2.3350055333333333,88.0
PA_89,48.86290683333334,2.345470666666667,89.0
PA_90,48.86375163333333,2.3490021333333337,90.0
PA_91,48.853195766666666,2.3765305666666667,91.0
PA_92,48.860313966666666,2.3473729000000003,92.0
PA_93,48.859697399999995,2.3333068666666663,93.0
PA_94,48.84704489999999,2.3325902333333333,94.0
PA_95,48.867244166666666,2.3376013333333336,95.0
PA_96,48.86749665,2.337708,96.0
PA_97,48.83943983333334,2.3889955,97.0
PA_98,48.853198825,2.343705425,98.0
PA_99,48.853198899999995,2.3436989333333336,99.0
PA_100,48.87237,2.3640686333333334,100.0
PA_101,48.87146683333333,2.378585333333333,101.0
PA_102,48.83988003333334,2.3619105333333335,102.0
PA_103,48.85926270000001,2.3540330666666667,103.0
PA_104,48.853404266666665,2.4143494666666667,104.0
PA_105,48.8674388,2.3637897,105.0
PA_106,48.85390566666666,2.3619246666666602,106.0
PA_107,48.85932796666666,2.2930761333333334,107.0
PA_108,48.8597385,2.291552633333333,108.0
PA_109,48.859809399999996,2.3525306666666665,109.0
PA_110,48.862633233333334,2.3512397,110.0
PA_111,48.89159563333334,2.3446567666666667,111.0
PA_112,48.834983333333334,2.3268828999999998,112.0
PA_113,48.84665356666667,2.3514793,113.0
PA_114,48.85713726666666,2.3572241999999997,114.0
PA_115,48.858577966666665,2.359646,115.0
PA_116,48.854721633333334,2.3727528,116.0
PA_117,48.854405066666665,2.3731303,117.0
PA_118,48.8354474,2.3752669333333336,118.0
PA_119,48.859443766666665,2.402822366666667,119.0
PA_120,48.869833666666665,2.3669458666666667,120.0
PA_121,48.8576252,2.332793633333333,121.0
PA_122,48.8404815,2.3530728,122.0
PA_123,48.83869476666666,2.3756492666666666,123.0
PA_124,48.87335376666667,2.3243997000000003,124.0
PA_125,48.83955006666667,2.3958487,125.0
PA_126,48.8591513,2.292804,126.0
PA_127,48.84796213333334,2.3984262333333333,127.0
PA_128,48.852003599999996,2.3737578666666668,128.0
PA_129,48.82374706666667,2.382380866666667,129.0
PA_130,48.822388733333334,2.3804418666666667,130.0
PA_131,48.856489833333335,2.4031538,131.0
PA_132,48.85624213333333,2.4055269666666668,132.0
PA_133,48.85168036666667,2.3778813333333333,133.0
PA_134,48.8602611,2.3399752,134.0
PA_135,48.86030579999999,2.3334645333333337,135.0
PA_136,48.8601569,2.3353028,136.0
PA_142,48.8601569,2.3353028,142.0
PA_143,48.85741636666666,2.3472483,143.0
PA_144,48.8601373,2.3507673666666666,144.0
PA_145,48.85891713333333,2.3525478,145.0
PA_146,48.8342455,2.3553996,146.0
PA_147,48.842838699999994,2.3658327333333333,147.0
PA_148,48.85591016666667,2.3506833,148.0
PA_149,48.854707366666666,2.362891266666667,149.0
PA_150,48.8474706,2.3435460666666668,150.0
PA_151,48.843064633333334,2.3467656666666667,151.0
PA_152,48.86624406666667,2.3233868,152.0
PA_153,48.8579692,2.3528552,153.0
PA_154,48.8416959,2.4009430333333333,154.0
PA_155,48.85138336666666,2.3482461333333333,155.0
PA_156,48.859917599999996,2.3542889000000002,156.0
PA_157,48.846251966666664,2.3488743333333333,157.0
PA_158,48.8606925,2.3637135666666667,158.0
PA_159,48.876031633333334,2.3510243666666666,159.0
PA_160,48.885376400000006,2.3406764333333334,160.0
PA_161,48.88416163333333,2.3396548666666668,161.0
PA_162,48.884616566666665,2.3705586000000003,162.0
PA_163,48.846861133333334,2.3434437999999997,163.0
PA_164,48.8663262,2.3806382,164.0
PA_165,48.88764716666666,2.3405622000000004,165.0
PA_166,48.885301633333334,2.3853636333333337,166.0
PA_167,48.86552413333334,2.3366550333333334,167.0
PA_168,48.865523,2.336674,168.0
PA_169,48.88635313333333,2.3414556666666666,169.0
PA_170,48.886143266666664,2.3413306666666664,170.0
PA_171,48.8855611,2.3432867666666666,171.0
PA_172,48.89119196666667,2.3317811666666666,172.0
PA_173,48.850390578451055,2.3756500822237268,173.0
PA_174,48.84156304533804,2.2823356004808555,174.0
PA_175,48.85158213333333,2.373533366666667,175.0
PA_176,48.84995946666667,2.3307637,176.0
PA_177,48.865390033333334,2.3308145000000002,177.0
PA_178,48.8747239,2.3059175,178.0
PA_179,48.82726473333333,2.5070708333333336,179.0
PA_180,48.85086135,2.3319194249999997,180.0
PA_181,48.85063843333333,2.3317826333333334,181.0
PA_182,48.850962,2.331918,182.0
PA_183,48.85035,2.331885,183.0
PA_184,48.852345066666665,2.3417470000000002,184.0
PA_185,48.872567866666664,2.331139466666667,185.0
PA_186,48.854616699999994,2.3366123,186.0
PA_187,48.84635696666667,2.3547231666666666,187.0
PA_188,48.857881066666664,2.3601756333333337,188.0
PA_189,48.86050886666666,2.3545309666666667,189.0
PA_190,48.86018686666667,2.4037399333333336,190.0
PA_191,48.86068153333334,2.4028791333333337,191.0
PA_192,48.860957066666664,2.4049335333333333,192.0
PA_193,48.8652997,2.3564877,193.0
PA_194,48.859997066666665,2.3774365,194.0
PA_195,48.900811366666666,2.3447332666666667,195.0
PA_196,48.883702099999994,2.3688949333333333,196.0
PA_197,48.88654616666667,2.3323806333333335,197.0
PA_198,48.874322799999995,2.3726186,198.0
PA_199,48.873416692803666,2.3706867904796938,199.0
PA_200,48.84446416666666,2.3724217000000003,200.0
PA_201,48.878017633333336,2.3768175666666664,201.0
PA_202,48.828447673288046,2.3883685579874174,202.0
PA_203,48.8438333,2.388196,203.0
PA_204,48.889875499999995,2.395985533333333,204.0
PA_205,48.87800116666667,2.3516578333333333,205.0
PA_206,48.883507,2.3274163333333333,206.0
PA_207,48.8877259,2.3325779,207.0
PA_208,48.83747533333334,2.3314509,208.0
PA_209,48.83336846666666,2.3792978,209.0
PA_210,48.88529903333333,2.3595595333333335,210.0
PA_211,48.852440566666665,2.3716578,211.0
PA_212,48.857048033333335,2.3930458,212.0
PA_213,48.84209956666666,2.3496796,213.0
PA_214,48.877883,2.4095786,214.0
PA_215,48.8426139,2.3861893666666667,215.0
PA_216,48.82156163333334,2.3424875666666667,216.0
PA_217,48.8516084,2.3525843,217.0
PA_218,48.844146,2.3718982,218.0
PA_219,48.81953646666667,2.3735973,219.0
PA_220,48.83742573333333,2.3735073333333334,220.0
PA_221,48.873799399999996,2.3829409666666663,221.0
PA_222,48.871104233333334,2.3744264999999998,222.0
PA_223,48.84783133333334,2.3757965666666667,223.0
PA_224,48.819814466666664,2.373476633333333,224.0
PA_225,48.81947436666667,2.3730828333333336,225.0
PA_226,48.876761833333326,2.3511910333333335,226.0
PA_227,48.874198299999996,2.3530493,227.0
PA_228,48.8899083,2.3829588000000004,228.0
PA_229,48.851036066666666,2.3396883333333336,229.0
PA_230,48.85582276666667,2.3543325,230.0
PA_231,48.864331033333336,2.3498611,231.0
PA_232,48.864545099999994,2.3476665666666667,232.0
PA_233,48.84445113333334,2.2763071333333333,233.0
PA_234,48.8588705,2.294261,234.0
PA_235,48.8634232,2.3641782,235.0
PA_236,48.87095706666667,2.2996400666666665,236.0
PA_237,48.873382166666666,2.2970594666666666,237.0
PA_238,48.866134566666666,2.3076813333333335,238.0
PA_239,48.8874914,2.3472085,239.0
PA_240,48.84575113333333,2.3738696666666663,240.0
PA_241,48.8409852,2.4008744333333336,241.0
PA_242,48.84448033333334,2.4068459,242.0
PA_243,48.846766366666664,2.3750832,243.0
PA_244,48.8582511,2.3798007,244.0
PA_245,48.864605633333326,2.3719807,245.0
PA_246,48.8679613,2.3628974,246.0
PA_247,48.833361266666664,2.2895314333333334,247.0
PA_248,48.86829903333334,2.3745135666666664,248.0
PA_249,48.85234186944454,2.3686419040151905,249.0
PA_250,48.868885733333336,2.3673819,250.0
PA_251,48.8606997,2.3480394666666666,251.0
PA_252,48.8721532,2.3770112,252.0
PA_253,48.86408583333333,2.3013751333333334,253.0
PA_254,48.871816700000004,2.3005983666666663,254.0
PA_255,48.86127283333334,2.291355166666667,255.0
PA_256,48.860585533333335,2.2913679333333334,256.0
PA_257,48.8577134,2.285706233333333,257.0
PA_258,48.854479,2.2787899333333335,258.0
PA_259,48.84826653333334,2.2598861666666665,259.0
PA_260,48.847412299999995,2.2687181666666665,260.0
PA_261,48.84420773333333,2.4020983,261.0
PA_262,48.847827300000006,2.397907866666667,262.0
PA_263,48.869907966666666,2.285639833333333,263.0
PA_264,48.86299853333333,2.275510333333333,264.0
PA_265,48.8626486,2.2724082333333335,265.0
PA_266,48.86465796666667,2.295634966666667,266.0
PA_267,48.86413103333334,2.2902578,267.0
PA_268,48.87902176666666,2.303604366666667,268.0
PA_269,48.81812656666667,2.4553424666666666,269.0
PA_270,48.8681853,2.3652396666666666,270.0
PA_271,48.86913836666667,2.377470133333333,271.0
PA_272,48.8267643,2.3641394000000004,272.0
PA_273,48.86035636666667,2.3501670333333333,273.0
PA_274,48.852785187148164,2.368682862786352,274.0
PA_275,48.879435199999996,2.365228533333333,275.0
PA_276,48.8437097,2.3742914,276.0
PA_277,48.85333946666666,2.375851133333333,277.0
PA_278,48.852855966666674,2.4065594666666663,278.0
PA_279,48.87163516666667,2.3761476,279.0
PA_280,48.86387826666667,2.385989133333333,280.0
PA_281,48.8577905,2.3529424,281.0
PA_282,48.858043099999996,2.3526953,282.0
PA_283,48.870847266666665,2.3735512666666665,283.0
PA_284,48.8637249,2.3747501,284.0
PA_285,48.86603023333333,2.346007666666667,285.0
PA_286,48.88753216666667,2.3444892999999998,286.0
PA_287,48.856650841882164,2.356840102204845,287.0
PA_288,48.87183731634842,2.3765923871796186,288.0
PA_289,48.8699585,2.3710835,289.0
PA_290,48.86581283333334,2.3779259666666666,290.0
PA_291,48.86787026666667,2.3901308666666665,291.0
PA_292,48.8719846,2.376412666666667,292.0
PA_293,48.870673466666666,2.373371433333333,293.0
PA_294,48.8582084,2.3560596666666664,294.0
PA_295,48.86372226666666,2.3446995000000004,295.0
PA_296,48.864893,2.3449185,296.0
PA_297,48.865457400000004,2.3426264666666667,297.0
PA_298,48.8680671,2.3364079,298.0
PA_299,48.834604,2.3674786,299.0
PA_301,48.85026153333334,2.3734827,301.0
PA_302,48.879060333333335,2.3898567666666666,302.0
PA_303,48.82682856666667,2.3507347000000003,303.0
PA_304,48.8332445,2.3543841,304.0
PA_305,48.842630766666666,2.3555182333333335,305.0
PA_306,48.7759614,2.346493,306.0
PA_307,48.86867516666666,2.3894001333333335,307.0
PA_308,48.8414007,2.2252779,308.0
PA_309,48.876931033333335,2.2826958333333334,309.0
PA_310,48.83747056666667,2.2552804,310.0
PA_311,48.84357963333333,2.3302964,311.0
PA_312,48.828361300000005,2.3270626,312.0
PA_313,48.8613904,2.3431778,313.0
PA_314,48.8331368,2.3619157,314.0
PA_315,48.83007733333333,2.3511059333333333,315.0
PA_316,48.82729896666666,2.334778066666667,316.0
PA_317,48.8367034,2.331656466666667,317.0
PA_318,48.852515000000004,2.4070728666666668,318.0
PA_319,48.86337246666667,2.3489723999999996,319.0
PA_320,48.83659373333333,2.338121233333333,320.0
PA_321,48.8465463,2.3419828333333332,321.0
PA_322,48.848869,2.332960033333333,322.0
PA_323,48.85442810000001,2.3842438,323.0
PA_324,48.8655229,2.3308584,324.0
PA_325,48.8649653,2.3939667,325.0
PA_326,48.8463542,2.3942487666666668,326.0
PA_327,48.873018433333336,2.3478090999999996,327.0
PA_328,48.8651214,2.344231966666667,328.0
PA_329,48.88652546666666,2.3611606666666667,329.0
PA_330,48.87841446666667,2.3492688333333334,330.0
PA_331,48.85938556666667,2.3530029,331.0
PA_332,48.859612999999996,2.3893014999999997,332.0
PA_333,48.880002,2.3442562000000002,333.0
PA_334,48.8440429,2.363975866666667,334.0
PA_335,48.882132033333335,2.3699454,335.0
PA_336,48.890232166666664,2.353253233333333,336.0
PA_337,48.8645101,2.412647,337.0
PA_338,48.8852348,2.2970277,338.0
PA_339,48.865415866666666,2.3947576,339.0
PA_340,48.853596,2.3536042,340.0
PA_341,48.860423266666665,2.363993066666667,341.0
PA_342,48.879081033333335,2.3369415,342.0
PA_343,48.86021793333333,2.2911409,343.0
PA_344,48.859546033333324,2.2925253666666667,344.0
PA_345,48.84896673333333,2.3217518,345.0
PA_346,48.84289786666667,2.3122652,346.0
PA_347,48.84318753333333,2.3254869333333335,347.0
PA_348,48.884035299999994,2.3561707,348.0
PA_349,48.861244066666664,2.302602933333333,349.0
PA_350,48.822933,2.365082,350.0
PA_351,48.8700178,2.3941980333333333,351.0
PA_352,48.87767656666667,2.3582234666666664,352.0
PA_353,48.86943796666666,2.3247414,353.0
PA_354,48.8586542,2.3459440666666667,354.0
PA_355,48.862643733333336,2.3496779333333335,355.0
PA_356,48.8621456,2.3636324,356.0
PA_357,48.83202693333334,2.2903708999999997,357.0
PA_358,48.8714602,2.3913067666666667,358.0
PA_359,48.8664671,2.332888366666667,359.0
PA_360,48.863943199999994,2.3312292333333335,360.0
PA_361,48.830879,2.3527353333333334,361.0
PA_362,48.87172796666667,2.3647044000000004,362.0
PA_363,48.8263334,2.3600347999999998,363.0
PA_364,48.83711843333333,2.2963831,364.0
PA_365,48.83925366666667,2.3003029666666666,365.0
PA_366,48.829911333333335,2.3035489,366.0
PA_367,48.82981216666667,2.3017111999999997,367.0
PA_368,48.8643072,2.3754206,368.0
PA_369,48.85340846666666,2.3850797333333333,369.0
PA_370,48.86788646666667,2.3644136000000002,370.0
PA_371,48.850373033333334,2.3831386,371.0
PA_372,48.851950933333335,2.3739543666666667,372.0
PA_373,48.8660663,2.3788123333333333,373.0
PA_374,48.8531829,2.3265523,374.0
PA_375,48.870927800000004,2.3953814,375.0
PA_376,48.86166433333333,2.3624256666666668,376.0
PA_377,48.86302146666666,2.3710504333333335,377.0
PA_378,48.86174199999999,2.361306266666667,378.0
PA_379,48.85881546666667,2.357305633333333,379.0
PA_380,48.86295163333333,2.3092735,380.0
PA_381,48.852266033333336,2.3012771666666665,381.0
PA_382,48.85478753333333,2.2884239333333336,382.0
PA_383,48.86654146666667,2.364786666666667,383.0
PA_384,48.86970170000001,2.3783544,384.0
PA_385,48.8314757,2.3685696666666667,385.0
PA_386,48.88184523333334,2.3207984333333336,386.0
PA_387,48.8813015,2.3153847,387.0
PA_388,48.8412007,2.3198112666666666,388.0
PA_389,48.8794629,2.3893842000000003,389.0
PA_390,48.856021999999996,2.3863459,390.0
PA_391,48.83175773333334,2.384996166666667,391.0
PA_392,48.85456013333334,2.3424480666666665,392.0
PA_393,48.8429789,2.3660463,393.0
PA_394,48.85434686666667,2.3446226666666665,394.0
PA_395,48.8518283,2.3244902666666665,395.0
PA_396,48.8626724,2.3543727333333333,396.0
PA_397,48.8679474,2.4196958,397.0
PA_398,48.84737056666666,2.3656548999999996,398.0
PA_399,48.86257333333333,2.3021979333333333,399.0
PA_400,48.8621004,2.3022610333333335,400.0
PA_401,48.84399906666666,2.3549659000000003,401.0
PA_402,48.86242776666666,2.3201154666666666,402.0
PA_403,48.83208443333333,2.302884966666667,403.0
PA_404,48.86943626666667,2.3420611,404.0
PA_405,48.83015766666667,2.3059208000000004,405.0
PA_406,48.86075206666667,2.3571519000000003,406.0
PA_407,48.860106800000004,2.3608732,407.0
PA_408,48.8630156,2.3911786,408.0
PA_409,48.8652812,2.3753643,409.0
PA_410,48.86837966666667,2.388207533333333,410.0
PA_411,48.8670458,2.3979976,411.0
PA_412,48.864813266666665,2.3936169333333335,412.0
PA_413,48.86989023333334,2.3232174,413.0
PA_414,48.89197293333333,2.4100262,414.0
PA_415,48.85290146666667,2.386347766666667,415.0
PA_416,48.87153596666667,2.3631936000000002,416.0
PA_417,48.8647766,2.3643498,417.0
PA_418,48.90145546666667,2.344333733333333,418.0
PA_419,48.8558917,2.4151576,419.0
PA_420,48.90912933333334,2.3360303666666664,420.0
PA_421,48.86475843333333,2.3957091666666663,421.0
PA_422,48.83123606666667,2.3692029666666667,422.0
PA_423,48.871842799999996,2.3098991333333334,423.0
PA_424,48.86466983333333,2.2955703666666665,424.0
PA_425,48.81809,2.415144,425.0
PA_426,48.81605293333333,2.357002766666667,426.0
PA_427,48.829912,2.375363,427.0
PA_428,48.874514266666665,2.2923218,428.0
PA_429,48.8762849,2.2924896333333336,429.0
PA_430,48.87217893333334,2.3651332333333333,430.0
PA_431,48.84722286666666,2.4143275,431.0
PA_432,48.87106213333333,2.3931776,432.0
PA_433,48.843339433333334,2.402249266666667,433.0
PA_434,48.8407249,2.3979878,434.0
PA_435,48.8653932,2.3758926000000002,435.0
PA_436,48.8609492,2.350750766666667,436.0
PA_437,48.87767186666667,2.370594233333333,437.0
PA_438,48.882956033333336,2.3858746666666666,438.0
PA_439,48.8840511,2.3282224,439.0
PA_440,48.8419904,2.3675859,440.0
PA_441,48.8155223,2.3562959666666665,441.0
PA_442,48.8744661,2.3930448666666666,442.0
PA_443,48.876141999999994,2.381140333333333,443.0
PA_444,48.8831599,2.365847533333333,444.0
PA_445,48.88053823333333,2.360871433333333,445.0
PA_446,48.8702619,2.3732389,446.0
PA_447,48.87267023333334,2.363761666666667,447.0
PA_448,48.87214383333333,2.3651577666666666,448.0
PA_449,48.8715542,2.3147136,449.0
PA_450,48.864772466666665,2.3568491666666667,450.0
PA_451,48.85336533333333,2.376680133333333,451.0
PA_452,48.8528096,2.376366266666667,452.0
PA_453,48.864582033333335,2.3896336666666667,453.0
PA_454,48.87313126666667,2.3636582333333336,454.0
PA_455,48.85517936666667,2.3377142333333336,455.0
PA_456,48.864624133333336,2.2943565333333336,456.0
PA_457,48.8681271,2.3631656,457.0
PA_458,48.866408400000005,2.390931033333333,458.0
PA_459,48.834916,2.3682843333333334,459.0
PA_460,48.83439523333334,2.3698535333333335,460.0
PA_461,48.861752466666665,2.4000418999999997,461.0
PA_462,48.8683826,2.3476133,462.0
PA_463,48.86247473333333,2.3386029333333336,463.0
PA_464,48.857054733333335,2.355445366666667,464.0
PA_465,48.856984366666666,2.3785636666666665,465.0
PA_466,48.8681522,2.3733989666666666,466.0
PA_467,48.87168976666666,2.3846431999999997,467.0
PA_468,48.865914233333335,2.3469615000000004,468.0
PA_469,48.8538886,2.3336452,469.0
PA_470,48.864796033333334,2.345632266666667,470.0
PA_471,48.868833466666665,2.3900847333333335,471.0
PA_472,48.85906143333333,2.3713842666666665,472.0
PA_473,48.85147559999999,2.3380106333333335,473.0
PA_474,48.880580433333336,2.3085878333333336,474.0
PA_475,48.87467603333334,2.293324533333333,475.0
PA_476,48.87183146666667,2.3060719666666665,476.0
PA_477,48.85428996666667,2.4155419,477.0
PA_478,48.852617233333326,2.2814346666666667,478.0
PA_479,48.8593964,2.3470254,479.0
PA_480,48.85587133333333,2.359774433333333,480.0
PA_481,48.844989166666664,2.3324495333333335,481.0
PA_482,48.857214633333335,2.361750033333333,482.0
PA_483,48.86392996666666,2.3520096666666666,483.0
PA_484,48.8783984,2.3229957999999997,484.0
PA_485,48.870267133333336,2.2899034333333335,485.0
PA_486,48.85290903333333,2.3190815666666666,486.0
PA_487,48.84795093333333,2.340965733333333,487.0
PA_488,48.83484430000001,2.4003951333333333,488.0
PA_489,48.87412053333333,2.385581566666667,489.0
PA_490,48.89955546666667,2.3920237666666666,490.0
PA_491,48.862008,2.3568624,491.0
PA_492,48.873933766666674,2.3952851,492.0
PA_493,48.861239833333336,2.3435206666666666,493.0
PA_494,48.841355799999995,2.3251647666666666,494.0
PA_495,48.84449816666666,2.3525294333333333,495.0
PA_496,48.86881433333334,2.356248133333333,496.0
PA_497,49.006795366666665,2.528174,497.0
PA_498,48.880828433333335,2.3357718,498.0
PA_499,48.877402133333334,2.3654358666666666,499.0
PA_500,48.8634443,2.3475672,500.0
PA_501,48.8663898,2.3646596,501.0
PA_502,48.8403987,2.3529982333333335,502.0
PA_503,48.860382566666665,2.3646732333333333,503.0
PA_504,48.85771893333333,2.3583672666666664,504.0
PA_505,48.85978686666667,2.3628892666666665,505.0
PA_506,48.86688986666667,2.349319,506.0
PA_507,48.87540190000001,2.3690121666666664,507.0
PA_508,48.8616849,2.3441604333333332,508.0
PA_509,48.8618333,2.3442493,509.0
PA_510,48.85328646666667,2.370583733333333,510.0
PA_511,48.859047,2.4021006,511.0
PA_512,48.8838502,2.3683423,512.0
PA_513,48.8618086,2.3642921,513.0
PA_514,48.864149700000006,2.296888666666667,514.0
PA_515,48.84853393333333,2.3939159333333335,515.0
PA_516,48.870178733333326,2.395524066666667,516.0
PA_517,48.8616662,2.3654641,517.0
PA_519,48.8593408,2.3596318,519.0
PA_520,48.835493299999996,2.4947478,520.0
PA_521,48.875559366666664,2.3998499333333334,521.0
PA_522,48.8663783,2.3689907333333333,522.0
PA_523,48.85277416666667,2.3532423333333337,523.0
PA_524,48.82694113333333,2.5088294666666666,524.0
PA_525,48.859457533333334,2.3526726,525.0
PA_526,48.860423266666665,2.4871190333333333,526.0
PA_527,48.83326336666667,2.366093033333333,527.0
PA_528,48.8506486,2.3475405,528.0
PA_529,48.849367300000004,2.3517115,529.0
PA_530,48.873544366666664,2.388360066666667,530.0
PA_531,48.8701426,2.3953162999999997,531.0
PA_532,48.865901799999996,2.3781530666666666,532.0
PA_533,48.90082623333333,2.3438681666666668,533.0
PA_534,48.86459120000001,2.2969934,534.0
PA_535,48.855306266666666,2.3999186333333333,535.0
PA_536,48.8395267,2.3887237333333338,536.0
PA_537,48.866430699999995,2.382699166666667,537.0
PA_538,48.8840866,2.3324355,538.0
PA_539,48.86200493333333,2.354149866666667,539.0
PA_540,48.8682004,2.381304,540.0
PA_541,48.855574,2.3746884,541.0
PA_542,48.84337416666667,2.379224966666667,542.0
PA_543,48.83259923333333,2.370970433333333,543.0
PA_544,48.853630333333335,2.3768690666666665,544.0
PA_545,48.86759873333333,2.3965790333333334,545.0
PA_546,48.83200566666667,2.397195266666667,546.0
PA_547,48.87314213333334,2.3816189333333333,547.0
PA_548,48.87098283333333,2.3738483,548.0
PA_549,48.87328286666666,2.3589571333333335,549.0
PA_550,48.854819866666666,2.336605033333333,550.0
PA_551,48.86524156666667,2.4115021333333333,551.0
PA_552,48.87167763333334,2.3302731333333333,552.0
PA_553,48.881488866666665,2.3399533333333333,553.0
PA_554,48.84309076666667,2.391750933333333,554.0
PA_555,48.85460496666667,2.3686765333333333,555.0
PA_556,48.851910833333335,2.3490544,556.0
PA_557,48.841558633333335,2.3411784333333334,557.0
PA_558,48.83859366666667,2.3959007,558.0
PA_559,48.838728366666665,2.3964057999999997,559.0
PA_560,48.868586066666666,2.2740484333333333,560.0
PA_561,48.890307,2.347126,561.0
PA_562,48.89241443333333,2.339935666666667,562.0
PA_563,48.8622072,2.3371282333333334,563.0
PA_564,48.839904766666656,2.3619141,564.0
PA_565,48.88107826666667,2.3618542,565.0
PA_566,48.85986716666667,2.3885063333333334,566.0
PA_567,48.87602793333334,2.402199166666667,567.0
PA_568,48.87988326666667,2.358772033333333,568.0
PA_569,48.81685193333333,2.4428348,569.0
PA_570,48.85530663333333,2.3594952,570.0
PA_571,48.8472698,2.3674626333333335,571.0
PA_572,48.856483533333325,2.357368166666667,572.0
PA_573,48.87091213333333,2.393062066666667,573.0
PA_574,48.8300042,2.4937303666666666,574.0
PA_575,48.86159803333334,2.3630288333333334,575.0
PA_576,48.86244753333333,2.3352188,576.0
PA_577,48.87323033333333,2.3898369333333336,577.0
PA_578,48.84527713333333,2.3118494666666667,578.0
PA_579,48.86251633333333,2.3349108,579.0
PA_580,48.8579495,2.3528666,580.0
PA_581,48.86245293333334,2.3351892666666667,581.0
PA_582,48.86657656666667,2.3357075333333337,582.0
PA_583,48.87775903333333,2.3262997999999997,583.0
PA_584,48.87725173333333,2.326805666666667,584.0
PA_585,48.86134606666667,2.353396533333333,585.0
PA_586,48.85919256666667,2.367496,586.0
PA_587,48.85985325,2.3525497499999997,587.0
PA_588,48.852635,2.36323700000001,588.0
PA_589,48.8744242,2.3861754,589.0
PA_590,48.86371449999999,2.3494062000000002,590.0
PA_591,48.86910963333333,2.372984133333333,591.0
PA_592,48.84908443333333,2.3341495,592.0
PA_593,48.83646223333333,2.2782690666666667,593.0
PA_594,48.836671599999995,2.278760966666667,594.0
PA_595,48.83794456666667,2.281869066666667,595.0
PA_596,48.84334636666667,2.2955922666666666,596.0
PA_597,48.849203666666675,2.2976914,597.0
PA_598,48.85718916666667,2.310113633333333,598.0
PA_599,48.88677846666667,2.3848533,599.0
PA_600,48.88645996666667,2.3968765333333333,600.0
PA_601,48.8595503,2.4859876,601.0
PA_602,48.87382793333333,2.385535,602.0
PA_603,48.84911913333334,2.3516564,603.0
PA_604,48.8467205,2.3870720666666667,604.0
PA_605,48.8843558,2.342457233333333,605.0
PA_606,48.8671818,2.344927933333333,606.0
PA_607,48.8835052,2.3419023666666665,607.0
PA_608,48.82014973333333,2.4842532333333334,608.0
PA_609,48.88421233333333,2.3596923000000003,609.0
PA_610,48.861698399999995,2.4003395333333333,610.0
PA_611,48.9611213,2.4737537333333335,611.0
PA_612,48.8589261,2.352351,612.0
PA_613,48.81626243333333,2.3612045,613.0
PA_614,48.82622873333333,2.298552866666667,614.0
PA_615,48.852574366666666,2.376709566666667,615.0
PA_616,48.877736733333336,2.2883299666666668,616.0
PA_617,48.88037023333334,2.292803466666667,617.0
PA_618,48.880566566666666,2.2929424666666667,618.0
PA_619,48.88272476666666,2.3059802,619.0
PA_620,48.871269633333334,2.3706457333333333,620.0
PA_621,48.88911063333333,2.3961350666666665,621.0
PA_622,48.8358186,2.4123642000000003,622.0
PA_623,48.827262700000006,2.3859665,623.0
PA_624,48.85195493333333,2.3284637666666668,624.0
PA_625,48.852880733333336,2.3295051333333334,625.0
PA_626,48.83710729999999,2.2965979,626.0
PA_627,48.851403600000005,2.3291068,627.0
PA_628,48.82738906666666,2.3147029333333333,628.0
PA_629,48.84354966666666,2.325487,629.0
PA_630,48.857464066666665,2.3180632,630.0
PA_631,48.8728098,2.3314808666666664,631.0
PA_632,48.8723168,2.3781670666666668,632.0
PA_633,48.88207453333333,2.3690434000000002,633.0
PA_634,48.852125433333335,2.342594866666667,634.0
PA_635,48.84875460000001,2.332629066666667,635.0
PA_636,48.847973599999996,2.3516649,636.0
PA_637,48.8559864,2.3666465333333333,637.0
PA_638,48.86473086666666,2.353397766666667,638.0
PA_639,48.88667793333334,2.3384381,639.0
PA_640,48.8872428,2.3370121999999998,640.0
PA_641,48.88627163333334,2.3378845666666668,641.0
PA_642,48.88599836666666,2.3385360666666664,642.0
PA_643,48.884580400000004,2.3378415666666665,643.0
PA_644,48.886223199999996,2.3440968333333334,644.0
PA_645,48.879741833333334,2.4006357,645.0
PA_646,48.827949866666664,2.304906366666667,646.0
PA_647,48.889471633333336,2.3368225000000002,647.0
PA_648,48.8682034,2.4014733666666666,648.0
PA_649,48.882802,2.3899449333333336,649.0
PA_650,48.84751293333334,2.2680737333333334,650.0
PA_651,48.86716316666667,2.2835026666666667,651.0
PA_652,48.865045933333334,2.282825366666667,652.0
PA_653,48.87134423333333,2.3097475,653.0
PA_654,48.85333473333333,2.3765612333333332,654.0
PA_655,48.862200599999994,2.363685933333333,655.0
PA_656,48.89588886666667,2.3395082,656.0
PA_657,48.88318,2.3711027000000002,657.0
PA_658,48.87168173333333,2.4041391,658.0
PA_659,48.89416103333334,2.3320713000000004,659.0
PA_660,48.88344566666666,2.314112533333333,660.0
PA_661,48.88517026666667,2.302860433333333,661.0
PA_662,48.88382433333334,2.3121276666666666,662.0
PA_663,48.88109396666667,2.2895924,663.0
PA_664,48.87718736666667,2.2922524333333336,664.0
PA_665,48.86556616666667,2.2855677666666665,665.0
PA_666,48.852900866666666,2.2864310000000003,666.0
PA_667,48.8236402,2.3620702666666666,667.0
PA_668,48.86636696666667,2.3806051,668.0
PA_669,48.8983555,2.3536148333333333,669.0
PA_670,48.874866499999996,2.3824393333333336,670.0
PA_671,48.87651466666667,2.3781933,671.0
PA_672,48.86435936666667,2.381657133333333,672.0
PA_673,48.85357343333334,2.3383236666666667,673.0
PA_674,48.8402226,2.3155369666666665,674.0
PA_675,48.8271249,2.3253250333333333,675.0
PA_676,48.8533097,2.3414853,676.0
PA_677,48.854674966666664,2.3367603666666668,677.0
PA_678,48.857228066666664,2.3364238333333334,678.0
PA_679,48.84042426666667,2.3497616000000003,679.0
PA_680,48.86848476666666,2.388512,680.0
PA_681,48.855450499999996,2.3620330000000003,681.0
PA_682,48.856806500000005,2.3629672999999998,682.0
PA_683,48.86583246666667,2.370006866666667,683.0
PA_684,48.8401771,2.359112533333333,684.0
PA_685,48.85829173333334,2.4881029333333333,685.0
PA_686,48.8286371,2.3991641666666665,686.0
PA_687,48.8281347,2.3876274,687.0
PA_688,48.8532197,2.3720518,688.0
PA_689,48.8723344,2.3769528,689.0
PA_690,48.901306966666674,2.3426629,690.0
PA_691,48.850388833333334,2.2657679666666666,691.0
PA_692,48.85444903333333,2.2654718,692.0
PA_693,48.848927233333335,2.266417,693.0
PA_694,48.84877503333333,2.2633962666666663,694.0
PA_695,48.852478,2.2679513,695.0
PA_696,48.86116013333333,2.3631549,696.0
PA_697,48.853888299999994,2.3698456,697.0
PA_698,48.85511793333333,2.3720784,698.0
PA_699,48.8573788,2.4038798666666668,699.0
PA_700,48.8524751,2.4060057,700.0
PA_701,48.85401856666667,2.3818729,701.0
PA_702,48.85382346666666,2.3818419,702.0
PA_703,48.8531726,2.3774361,703.0
PA_704,48.852047199999994,2.3655133,704.0
PA_705,48.82553433333334,2.3747903333333333,705.0
PA_706,48.83064199999999,2.3673683,706.0
PA_707,48.85343343333333,2.3640769,707.0
PA_708,48.8757323,2.381409233333333,708.0
PA_709,48.8761569,2.4023473,709.0
PA_710,48.85297483333333,2.3668954666666666,710.0
PA_711,48.855808333333336,2.3672361333333334,711.0
PA_712,48.880365266666665,2.353528133333333,712.0
PA_713,48.86902063333333,2.358775833333333,713.0
PA_714,48.82649876666667,2.3787749333333337,714.0
PA_715,48.85711903333333,2.3954657999999998,715.0
PA_716,48.869401,2.4300975,716.0
PA_717,48.856951,2.3980607,717.0
PA_718,48.85575933333333,2.3785344,718.0
PA_719,48.85859763333334,2.380193866666666,719.0
PA_720,48.86022869999999,2.347493833333333,720.0
PA_721,48.8905663,2.382271,721.0
PA_722,48.86213273333334,2.3562239333333337,722.0
PA_723,48.88133616666667,2.327519666666667,723.0
PA_724,48.875961999999994,2.3478231,724.0
PA_725,48.8793942,2.3577402666666667,725.0
PA_726,48.88565306666667,2.3165899,726.0
PA_727,48.8807458,2.3286374666666667,727.0
PA_728,48.88354413333334,2.3233939,728.0
PA_729,48.875853,2.326074633333333,729.0
PA_730,48.875874966666665,2.3471942666666665,730.0
PA_731,48.873661199999994,2.3881744,731.0
PA_732,48.87330293333333,2.3825428333333334,732.0
PA_733,48.87053596666667,2.377715766666667,733.0
PA_734,48.87317766666666,2.34308399999999,734.0
PA_735,48.8789432,2.319053766666667,735.0
PA_736,48.865802900000006,2.3303477666666668,736.0
PA_737,48.87271023333333,2.3960876333333334,737.0
PA_738,48.87582643333334,2.3836147333333333,738.0
PA_739,48.86993806666667,2.3949124666666664,739.0
PA_740,48.8388735,2.3960101999999996,740.0
PA_741,48.8821141,2.370529433333333,741.0
PA_742,48.872976300000005,2.3907582,742.0
PA_743,48.8694865,2.3690343333333335,743.0
PA_744,48.868753,2.3920240666666666,744.0
PA_745,48.871204,2.3917794,745.0
PA_746,48.8643724,2.3642143333333334,746.0
PA_747,48.85398613333333,2.3381180333333336,747.0
PA_748,48.89968883333333,2.3880321,748.0
PA_749,48.85903646666666,2.436158766666667,749.0
PA_750,48.857382199999996,2.434649766666667,750.0
PA_751,48.8605184,2.440096366666667,751.0
PA_752,48.876108933333335,2.4409278333333333,752.0
PA_753,48.852962133333335,2.4078998,753.0
PA_754,48.8603784,2.3754164,754.0
PA_755,48.87507423333333,2.340507,755.0
PA_756,48.87662526666667,2.3394019333333333,756.0
PA_757,48.83374,2.24399,757.0
PA_758,48.830906166666665,2.2572923,758.0
PA_759,48.83069746666666,2.2596431999999997,759.0
PA_760,48.834861933333336,2.2620962666666666,760.0
PA_761,48.85111336666666,2.2783918666666665,761.0
PA_762,48.84851546666666,2.2604303666666667,762.0
PA_763,48.87595626666666,2.4412308666666664,763.0
PA_764,48.85243526666667,2.3414518999999996,764.0
PA_765,48.844780766666666,2.346587866666667,765.0
PA_766,48.841406500000005,2.3496384999999997,766.0
PA_767,48.839635433333335,2.3562345,767.0
PA_768,48.84622936666667,2.3779401666666664,768.0
PA_769,48.86072433333333,2.3551657,769.0
PA_770,48.87882333333334,2.34522633333332,770.0
PA_771,48.85861883333333,2.4029404666666667,771.0
PA_772,48.855539066666665,2.2900304,772.0
PA_773,48.8664368,2.3127079,773.0
PA_774,48.86862473333334,2.371903833333333,774.0
PA_775,48.86580783333333,2.340731433333333,775.0
PA_776,48.87263806666667,2.324097966666667,776.0
PA_777,48.8644148,2.3498082,777.0
PA_778,48.8203694,2.3746031999999997,778.0
PA_779,48.82046,2.37492,779.0
PA_780,48.851304633333335,2.3319776666666665,780.0
PA_781,48.84608763333333,2.3543342,781.0
PA_782,48.82046,2.37492,782.0
PA_783,48.82046,2.37492,783.0
PA_784,48.82046,2.37492,784.0
PA_785,48.860991475,2.4049657499999997,785.0
PA_786,48.82046,2.37492,786.0
PA_787,48.82046,2.37492,787.0
PA_788,48.82046,2.37492,788.0
PA_789,48.82046,2.37492,789.0
PA_790,48.82046,2.37492,790.0
PA_791,48.82046,2.37492,791.0
PA_792,48.82046,2.37492,792.0
PA_793,48.82046,2.37492,793.0
PA_794,48.82046,2.37492,794.0
PA_795,48.85268883333333,2.3392580000000005,795.0
PA_796,48.86104806666666,2.3629309666666667,796.0
PA_797,48.85990723333333,2.3249136666666668,797.0
PA_798,48.854432933333335,2.3310604,798.0
PA_799,48.8736316,2.3302871,799.0
PA_800,48.86583290000001,2.3434936333333334,800.0
PA_801,48.857184600000004,2.3317474,801.0
PA_802,48.8526689,2.3338559,802.0
PA_803,48.85247736666667,2.339230466666667,803.0
PA_804,48.82046,2.37492,804.0
PA_805,48.82046,2.37492,805.0
PA_806,48.82046,2.37492,806.0
PA_807,48.82046,2.37492,807.0
PA_808,48.8647077,2.3023036,808.0
PA_809,48.843242866666664,2.406102733333333,809.0
PA_810,48.85052916666666,2.3928941666666668,810.0
PA_811,48.85036243333334,2.3831038666666666,811.0
PA_812,48.84933993333333,2.377694366666667,812.0
PA_813,48.871836099999996,2.365228366666667,813.0
PA_814,48.866882266666664,2.3514205333333336,814.0
PA_815,48.85860423333333,2.3519425999999997,815.0
PA_816,48.85226713333333,2.360167666666667,816.0
PA_817,48.860208166666666,2.404229433333333,817.0
PA_818,48.85960773333333,2.368505433333333,818.0
PA_819,48.86093513333333,2.3424138,819.0
PA_820,48.86236003333334,2.3637213666666663,820.0
PA_821,48.85440186666667,2.3959779666666665,821.0
PA_822,48.85844916666667,2.400677,822.0
PA_823,48.8867075,2.3849925,823.0
PA_824,48.85942143333333,2.402777233333333,824.0
PA_825,48.85579966666666,2.4230278999999997,825.0
PA_826,48.8723162,2.3781964666666666,826.0
PA_827,48.86342173333333,2.3993633333333335,827.0
PA_828,48.854766633333334,2.3990583,828.0
PA_829,48.855101733333335,2.3989492,829.0
PA_830,48.85609986666666,2.405826233333334,830.0
PA_831,48.85189173333333,2.4012713,831.0
PA_832,48.85755203333334,2.3994073,832.0
PA_833,48.85740633333333,2.3993094999999998,833.0
PA_834,48.85836626666667,2.3987247333333332,834.0
PA_835,48.8591582,2.399619433333333,835.0
PA_836,48.853815499999996,2.374082733333333,836.0
PA_837,48.855911666666664,2.3752663666666667,837.0
PA_838,48.85637056666667,2.3942338999999997,838.0
PA_839,48.86288076666667,2.3487225666666665,839.0
PA_840,48.8636472,2.3490904,840.0
PA_841,48.86499813333333,2.3484126666666665,841.0
PA_842,48.86651976666667,2.3331079999999997,842.0
PA_843,48.866068500000004,2.3251617,843.0
PA_844,48.874223099999995,2.3101823500000003,844.0
PA_845,48.87244793333334,2.3098535333333334,845.0
PA_846,48.86476596666666,2.3595702333333333,846.0
PA_847,48.841589366666675,2.308004233333333,847.0
PA_848,48.8401256,2.314974533333333,848.0
PA_849,48.840532,2.323702,849.0
PA_850,48.840646633333336,2.3232394333333333,850.0
PA_851,48.842188533333335,2.3303358,851.0
PA_852,48.8594253,2.382866133333333,852.0
PA_853,48.87371856666667,2.365077166666667,853.0
PA_854,48.884393966666664,2.3560463,854.0
PA_855,48.887433433333335,2.3359086000000002,855.0
PA_856,48.88651066666667,2.3413360666666665,856.0
PA_857,48.8863696,2.3405715666666667,857.0
PA_858,48.878812700000005,2.3369623,858.0
PA_859,48.869759933333334,2.3515790333333335,859.0
PA_860,48.861327800000005,2.339832766666667,860.0
PA_861,48.8618271,2.370085566666667,861.0
PA_862,48.873267133333336,2.309450733333333,862.0
PA_863,48.816734,2.347442,863.0
PA_864,48.87858083333333,2.3374520666666667,864.0
PA_865,48.88123843333333,2.331516666666667,865.0
PA_866,48.88060193333333,2.3314929,866.0
PA_867,48.880959499999996,2.312026433333333,867.0
PA_868,48.86979323333333,2.3232189333333335,868.0
PA_869,48.871899125,2.364585725,869.0
PA_870,48.871776624999995,2.364546725,870.0
PA_871,48.85491043333334,2.3990861333333333,871.0
PA_872,48.88191129999999,2.3688859,872.0
PA_873,48.853192666666665,2.3461637,873.0
PA_874,48.85303903333334,2.3456378,874.0
PA_875,48.82542623333333,2.353854266666667,875.0
PA_876,48.826574550000004,2.3642371,876.0
PA_877,48.856137,2.4248434333333333,877.0
PA_878,48.85869533333334,2.3627353333333367,878.0
PA_879,48.85604320000001,2.3713550333333333,879.0
PA_880,48.8589593,2.3299343333333336,880.0
PA_881,48.85819333333333,2.3282503333333366,881.0
PA_882,48.86861986666667,2.3669781000000003,882.0
PA_883,48.889526366666665,2.3712816666666665,883.0
PA_884,48.881575733333335,2.3659269333333337,884.0
PA_885,48.8773407,2.2947086999999997,885.0
PA_886,48.85354053333333,2.3803960666666666,886.0
PA_887,48.828011233333335,2.389613033333333,887.0
PA_888,48.85467566666667,2.3721393333333336,888.0
PA_889,48.89116253333333,2.3736952666666666,889.0
PA_890,48.894506299999996,2.334261966666667,890.0
PA_891,48.886033133333335,2.3172816333333333,891.0
PA_892,48.873752200000006,2.3098673333333335,892.0
PA_893,48.86449566666666,2.3327310666666663,893.0
PA_894,48.868842400000005,2.3370610666666667,894.0
PA_895,48.90042943333333,2.3871713333333333,895.0
PA_896,48.819021266666674,2.329339866666667,896.0
PA_897,48.81939726666667,2.2954616666666667,897.0
PA_898,48.8268492,2.2717237,898.0
PA_899,48.8517487,2.2780444,899.0
PA_900,48.88213223333333,2.3377575,900.0
PA_901,48.83848476666666,2.3001052,901.0
PA_902,48.84634363333333,2.3019772333333335,902.0
PA_903,48.88158433333333,2.301964133333333,903.0
PA_904,48.84996903333333,2.3787787,904.0
PA_905,48.9005272,2.371654866666667,905.0
PA_906,48.885046933333335,2.3543873666666664,906.0
PA_907,48.8997359,2.3585603,907.0
PA_908,48.853584899999994,2.3896338999999998,908.0
PA_909,48.88860353333333,2.396751266666667,909.0
PA_910,48.90346233333333,2.3919069333333334,910.0
PA_911,48.90018946666667,2.3863804666666666,911.0
PA_912,48.91542443333333,2.3574014,912.0
PA_913,48.91028723333333,2.3440836666666667,913.0
PA_914,48.900333666666675,2.2926000666666666,914.0
PA_915,48.89146946666667,2.2855386,915.0
PA_916,48.8796509,2.2949186999999998,916.0
PA_917,48.87977623333333,2.294947233333333,917.0
PA_918,48.87421908,2.31018968,918.0
PA_919,48.86431373333334,2.347724466666667,919.0
PA_920,48.875294700000005,2.4406765333333333,920.0
PA_921,48.83859136666666,2.3757137,921.0
PA_922,48.83749443333334,2.3739193333333333,922.0
PA_923,48.836991366666666,2.3900003333333335,923.0
PA_924,48.842420866666664,2.3718822,924.0
PA_925,48.850170166666665,2.362959,925.0
PA_926,48.86173616666667,2.351592833333333,926.0
PA_927,48.86122726666667,2.3677824666666667,927.0
PA_928,48.8482486,2.4347216,928.0
PA_929,48.815316,2.360387,929.0
PA_930,48.87315166666667,2.345203666666667,930.0
PA_931,48.874101,2.34736766666666,931.0
PA_932,48.86903623333333,2.3562447333333334,932.0
PA_933,48.827166033333334,2.3366106,933.0
PA_934,48.8331948,2.3101068333333337,934.0
PA_935,48.847481466666665,2.3015510999999997,935.0
PA_936,48.8417533,2.3633978,936.0
PA_937,48.83037016666666,2.346671966666667,937.0
PA_938,48.830315500000005,2.346636633333333,938.0
PA_939,48.834151033333335,2.3320664333333334,939.0
PA_940,48.827389600000004,2.3347548333333337,940.0
PA_941,48.84181783333333,2.3033521333333336,941.0
PA_942,48.825858100000005,2.3526689,942.0
PA_943,48.831279099999996,2.379027133333333,943.0
PA_944,48.85081506666666,2.3844844000000003,944.0
PA_945,48.86629986666667,2.3698571999999998,945.0
PA_946,48.8707353,2.3548249,946.0
PA_947,48.875197299999996,2.3557730333333335,947.0
PA_948,48.87102526666666,2.3532319333333334,948.0
PA_949,48.84495076666667,2.2978312333333335,949.0
PA_950,48.85045193333334,2.2932629,950.0
PA_951,48.8503378,2.2941041666666666,951.0
PA_952,48.868126200000006,2.324790966666667,952.0
PA_953,48.859247100000005,2.3547423666666667,953.0
PA_954,48.8651484,2.363057866666667,954.0
PA_955,48.86587946666666,2.3639146666666666,955.0
PA_956,48.866918999999996,2.3532926,956.0
PA_957,48.844590600000004,2.3689489333333333,957.0
PA_958,48.83618263333333,2.3922032666666664,958.0
PA_959,48.863774166666666,2.3627856333333335,959.0
PA_960,48.85828046666666,2.3895601666666666,960.0
PA_961,48.85077666666666,2.3785925999999997,961.0
PA_962,48.87682493333333,2.4065822999999997,962.0
PA_963,48.86634383333333,2.3645171,963.0
PA_964,48.8611928,2.3578709,964.0
PA_965,48.858694333333325,2.3327834333333333,965.0
PA_966,48.85558416666667,2.287756233333333,966.0
PA_967,48.8546643,2.289124033333333,967.0
PA_968,48.85658926666667,2.2866261,968.0
PA_969,48.85000133333333,2.2796825,969.0
PA_970,48.85059486666666,2.2805743333333335,970.0
PA_971,48.83018786666667,2.3349687,971.0
PA_972,48.8462855,2.4153401666666667,972.0
PA_973,48.86717873333333,2.3532234333333335,973.0
PA_974,48.867188,2.3532875,974.0
PA_975,48.867188,2.3532875,975.0
PA_976,48.868247999999994,2.3436671,976.0
PA_977,48.86606093333333,2.3517858333333335,977.0
PA_978,48.86373136666666,2.3464791999999997,978.0
PA_979,48.85088186666667,2.3612218333333335,979.0
PA_980,48.8397958,2.3831308333333334,980.0
PA_981,48.84512633333333,2.3832658,981.0
PA_982,48.844602,2.3898858,982.0
PA_983,48.865976499999995,2.4066217333333335,983.0
PA_984,48.882183133333335,2.3927891666666667,984.0
PA_985,48.879788133333335,2.3995163666666666,985.0
PA_986,48.8793945,2.384475166666667,986.0
PA_987,48.88750273333333,2.3787176666666667,987.0
PA_988,48.88375526666666,2.3506447666666666,988.0
PA_989,48.89141759999999,2.3613041,989.0
PA_990,48.88448163333334,2.3603048666666666,990.0
PA_991,48.87416223333333,2.3743126,991.0
PA_992,48.8657558,2.3635814,992.0
PA_993,48.8767531,2.408932033333333,993.0
PA_994,48.896975700000006,2.3106415666666664,994.0
PA_995,48.8864337,2.318557466666667,995.0
PA_996,48.87997063333333,2.2877966,996.0
PA_997,48.8617561,2.3508165,997.0
PA_998,48.86397756666667,2.350137833333333,998.0
PA_999,48.857783,2.380989,999.0
PA_1000,48.85956590000001,2.379489733333333,1000.0
PA_1001,48.85956590000001,2.379489733333333,1001.0
PA_1002,48.7789448,2.4408176999999998,1002.0
PA_1003,48.8788144,2.3008955,1003.0
PA_1004,48.877702666666664,2.306171266666667,1004.0
PA_1005,48.865254666666665,2.375351766666667,1005.0
PA_1006,48.87212446666666,2.3467276333333333,1006.0
PA_1007,48.87346266666666,2.340479,1007.0
PA_1008,48.86873906666667,2.3383971666666667,1008.0
PA_1009,48.858485066666674,2.3892189,1009.0
PA_1010,48.877219499999995,2.3878082666666667,1010.0
PA_1011,48.873489799999994,2.3526174666666666,1011.0
PA_1012,48.878535666666664,2.3452643333333234,1012.0
PA_1013,48.86009953333333,2.36122,1013.0
PA_1014,48.8515975,2.3846589000000002,1014.0
PA_1015,48.87631056666667,2.3875416,1015.0
PA_1016,48.87905493333333,2.3901877666666667,1016.0
PA_1017,48.8788235,2.3882884,1017.0
PA_1018,48.88995916666667,2.360140266666667,1018.0
PA_1019,48.87310253333334,2.3632491666666664,1019.0
PA_1020,48.8958699,2.3430026,1020.0
PA_1021,48.8955357,2.338828133333333,1021.0
PA_1022,48.890852566666666,2.3404590666666665,1022.0
PA_1023,48.857147266666665,2.3572724666666667,1023.0
PA_1024,48.85008076666667,2.3841597666666665,1024.0
PA_1025,48.87506706666667,2.3193104666666664,1025.0
PA_1026,48.83778813333333,2.521083733333333,1026.0
PA_1027,48.85676943333334,2.395574566666667,1027.0
PA_1028,48.86820816666667,2.3836839666666667,1028.0
PA_1029,48.8710505,2.3738247,1029.0
PA_1030,48.86056896666667,2.3455394999999997,1030.0
PA_1031,48.90070753333333,2.389212066666667,1031.0
PA_1032,48.8582348,2.3644045,1032.0
PA_1033,48.86108563333334,2.3669956666666665,1033.0
PA_1034,48.8612018,2.3442250333333337,1034.0
PA_1035,48.82573476666666,2.3834941,1035.0
PA_1036,48.819469,2.361984,1036.0
PA_1037,48.82599530000001,2.3571720666666667,1037.0
PA_1038,48.8567567,2.2729350333333334,1038.0
PA_1039,48.8549454,2.386142066666667,1039.0
PA_1040,48.86650153333333,2.3331088666666666,1040.0
PA_1041,48.75445286666667,2.3752290666666664,1041.0
PA_1042,48.773998500000005,2.4032454333333333,1042.0
PA_1043,48.773732233333334,2.4033433666666664,1043.0
PA_1044,48.81610286666666,2.3590389333333337,1044.0
PA_1045,48.86469903333333,2.4012416,1045.0
PA_1046,48.865033000000004,2.358514433333333,1046.0
PA_1047,48.86545783333333,2.3746655333333333,1047.0
PA_1048,48.7652937,2.3438055,1048.0
PA_1049,48.86266646666667,2.3535758666666666,1049.0
PA_1050,48.883048,2.349524,1050.0
PA_1051,48.855163833333336,2.339611666666667,1051.0
PA_1052,48.887431,2.347241766666667,1052.0
PA_1053,48.884123166666676,2.3388294999999997,1053.0
PA_1054,48.856065300000004,2.3775123,1054.0
PA_1055,48.826706933333334,2.4662668666666665,1055.0
PA_1056,48.84264566666667,2.3861571666666666,1056.0
PA_1057,48.864817800000004,2.3456007333333333,1057.0
PA_1058,48.86687383333333,2.336544433333333,1058.0
PA_1059,48.85390846666667,2.3368834,1059.0
PA_1060,48.88270549999999,2.3368863666666666,1060.0
PA_1061,48.88868243333334,2.346570266666667,1061.0
PA_1062,48.864817800000004,2.3456007333333333,1062.0
PA_1063,48.85821513333334,2.3550727,1063.0
PA_1064,48.861805000000004,2.3652886333333334,1064.0
PA_1065,48.864989333333334,2.354461466666667,1065.0
PA_1066,48.86466223333333,2.4084090000000002,1066.0
PA_1067,48.874653599999995,2.356863333333333,1067.0
PA_1068,48.85935636666667,2.3704069000000003,1068.0
PA_1069,48.868204999999996,2.3881137999999997,1069.0
PA_1070,48.848537066666665,2.3986187,1070.0
PA_1071,48.87368419999999,2.322441433333333,1071.0
PA_1072,48.873317500000006,2.3236504666666664,1072.0
PA_1073,48.87232826666667,2.3137073000000004,1073.0
PA_1074,48.8712678,2.3157251,1074.0
PA_1075,48.85322266666666,2.3361271333333335,1075.0
PA_1076,48.8517926,2.3366110333333334,1076.0
PA_1077,48.88572663333334,2.334914,1077.0
PA_1078,48.86769966666666,2.3454976999999997,1078.0
PA_1079,48.8543492,2.3777622,1079.0
PA_1080,48.86736846666667,2.3191490666666668,1080.0
PA_1081,48.859840500000004,2.35253905,1081.0
PA_1082,48.848871300000006,2.3782594666666665,1082.0
PA_1083,48.86579336666667,2.3975865666666665,1083.0
PA_1084,48.87025126666666,2.3564186,1084.0
PA_1085,48.875831000000005,2.3605819333333335,1085.0
PA_1086,48.851040966666666,2.347995666666667,1086.0
PA_1087,48.852783933333335,2.3464747,1087.0
PA_1088,48.8411594,2.356071866666667,1088.0
PA_1089,48.87205876666667,2.3089727666666664,1089.0
PA_1090,48.8842683,2.3652299666666665,1090.0
PA_1091,48.882906,2.3718452666666665,1091.0
PA_1092,48.87564786666667,2.382028633333333,1092.0
PA_1093,48.84078513333333,2.3697898333333334,1093.0
PA_1094,48.861836833333335,2.3644187666666667,1094.0
PA_1095,48.84737023333333,2.395095233333333,1095.0
PA_1096,48.869562,2.4303069666666666,1096.0
PA_1097,48.86147236666667,2.3412247333333336,1097.0
PA_1098,48.852547300000005,2.389260966666667,1098.0
PA_1099,48.868494733333335,2.3884809333333332,1099.0
PA_1100,48.865445466666664,2.3366647,1100.0
PA_1101,48.869979066666666,2.3115797666666666,1101.0
PA_1102,48.858909399999995,2.3623218,1102.0
PA_1103,48.829147166666665,2.353406366666667,1103.0
PA_1104,48.83422913333334,2.3644246,1104.0
PA_1105,48.88456873333333,2.3634149,1105.0
PA_1106,48.890936966666665,2.3454276333333333,1106.0
PA_1107,48.8532399,2.3426473666666667,1107.0
PA_1108,48.826848,2.363756,1108.0
PA_1109,48.82332663333333,2.365514,1109.0
PA_1110,48.84574716666666,2.4138345666666665,1110.0
PA_1111,48.881693799999994,2.2713135333333336,1111.0
PA_1112,48.8898462,2.2501948333333335,1112.0
PA_1113,48.88293663333334,2.2398474,1113.0
PA_1114,48.885126533333334,2.3268326666666668,1114.0
PA_1115,48.859697633333326,2.3884931,1115.0
PA_1116,48.8523082,2.4042272666666666,1116.0
PA_1117,49.0043699,2.5672450666666666,1117.0
PA_1118,48.87746393333333,2.477101766666667,1118.0
PA_1119,48.862517233333335,2.4159846999999997,1119.0
PA_1120,48.84100903333333,2.398865433333333,1120.0
PA_1121,48.84734926666667,2.4035392666666664,1121.0
PA_1122,48.89618196666667,2.3843072999999997,1122.0
PA_1123,48.83423546666666,2.3057199333333336,1123.0
PA_1124,48.87314456666667,2.3394602333333334,1124.0
PA_1125,48.87429476666667,2.3305170333333334,1125.0
PA_1126,48.871167633333336,2.3243327333333332,1126.0
PA_1127,48.8602313,2.3637759999999997,1127.0
PA_1128,48.85681036666667,2.4046930666666664,1128.0
PA_1129,48.847191333333335,2.3749987333333333,1129.0
PA_1130,48.84456980000001,2.3722963666666668,1130.0
PA_1131,48.8396055,2.3959564666666666,1131.0
PA_1132,48.8363783,2.390806833333333,1132.0
PA_1133,48.84535996666667,2.4091680666666666,1133.0
PA_1134,48.827182,2.366977,1134.0
PA_1135,48.8492395,2.389533333333333,1135.0
PA_1136,48.835882,2.391304,1136.0
PA_1137,48.89502006666667,2.4098244666666666,1137.0
PA_1138,48.898335233333334,2.406633633333333,1138.0
PA_1139,48.8740325,2.3853820666666667,1139.0
PA_1140,48.866476500000005,2.3359615666666667,1140.0
PA_1141,48.848384900000006,2.3042346000000005,1141.0
PA_1142,48.84980466666667,2.400218766666667,1142.0
PA_1143,48.8758525,2.2868349,1143.0
PA_1144,48.87475713333333,2.2841960333333335,1144.0
PA_1145,48.82688566666667,2.3820802000000003,1145.0
PA_1146,48.86275176666667,2.3870869333333338,1146.0
PA_1147,48.8730066,2.363942766666667,1147.0
PA_1148,48.8820694,2.368968133333333,1148.0
PA_1149,48.85107046666667,2.3988167333333332,1149.0
PA_1150,48.844916133333335,2.3643934,1150.0
PA_1151,48.8647633,2.3286932,1151.0
PA_1152,48.85333546666667,2.3612670666666666,1152.0
PA_1153,48.85459113333334,2.3625981,1153.0
PA_1154,48.86856286666667,2.363252966666667,1154.0
PA_1155,48.85772253333332,2.4144475666666665,1155.0
PA_1156,48.85656863333333,2.3568570333333336,1156.0
PA_1157,48.86391533333333,2.3548173,1157.0
PA_1158,48.85116253333333,2.3981748,1158.0
PA_1159,48.878465733333336,2.298681966666667,1159.0
PA_1160,48.87469253333333,2.3058942333333334,1160.0
PA_1161,48.8586033,2.3590283,1161.0
PA_1162,48.862035600000006,2.3487395666666666,1162.0
PA_1163,48.87117633333333,2.3610702666666668,1163.0
PA_1164,48.88515613333334,2.3036480333333333,1164.0
PA_1165,48.86807783333333,2.3487812,1165.0
PA_1166,48.852445666666675,2.3569739,1166.0
PA_1167,48.84980916666667,2.3325939333333334,1167.0
PA_1168,48.88676746666667,2.3003881666666666,1168.0
PA_1169,48.89895513333334,2.3594982666666664,1169.0
PA_1170,48.864159199999996,2.355420666666667,1170.0
PA_1171,48.846869633333334,2.347799966666667,1171.0
PA_1172,48.8588301,2.3506459,1172.0
PA_1173,48.840327333333335,2.3707948333333335,1173.0
PA_1174,48.836992066666674,2.3911339666666667,1174.0
PA_1175,48.8774103,2.342371266666667,1175.0
PA_1176,48.877407033333334,2.3422559333333335,1176.0
PA_1177,48.8688041,2.3402321,1177.0
PA_1178,48.821543633333334,2.3685251,1178.0
PA_1179,48.83078220000001,2.356649733333333,1179.0
PA_1180,48.83510666666666,2.3533331,1180.0
PA_1181,48.8748004,2.328579533333333,1181.0
PA_1182,48.880834933333325,2.2900648666666665,1182.0
PA_1183,48.845604933333334,2.4029333333333334,1183.0
PA_1184,48.76239856666666,2.340415933333333,1184.0
PA_1185,48.85344176666666,2.3794503666666666,1185.0
PA_1186,48.85371006666667,2.399501466666667,1186.0
PA_1187,48.882106300000004,2.4027089333333334,1187.0
PA_1188,48.84250533333333,2.3348569666666665,1188.0
PA_1189,48.844154233333335,2.3503818333333335,1189.0
PA_1190,48.852591,2.3344007,1190.0
PA_1191,48.8147964,2.355438933333333,1191.0
PA_1192,48.81480685,2.35545815,1192.0
PA_1193,48.8148378,2.3554908666666665,1193.0
PA_1194,48.81483135,2.35547915,1194.0
PA_1195,48.8148378,2.3554908666666665,1195.0
PA_1196,48.841112,2.3133331666666668,1196.0
PA_1197,48.843881333333336,2.3224220333333334,1197.0
PA_1198,48.84227036666667,2.3296919,1198.0
PA_1199,48.82156066666667,2.3524175,1199.0
PA_1200,48.8525309,2.347299666666667,1200.0
PA_1201,48.864385,2.3732491000000002,1201.0
PA_1202,48.88328066666667,2.3016658666666667,1202.0
PA_1203,48.84782813333334,2.3408924,1203.0
PA_1204,48.85229223333334,2.4032551666666664,1204.0
PA_1205,48.835448066666665,2.368741566666667,1205.0
PA_1206,48.86621076666666,2.3688111666666667,1206.0
PA_1207,48.87312513333333,2.3613416333333332,1207.0
PA_1208,48.833956199999996,2.3094207333333334,1208.0
PA_1209,48.852185999999996,2.3389164333333334,1209.0
PA_1210,48.86885383333333,2.3377576666666666,1210.0
PA_1211,48.86541256666667,2.3850298666666667,1211.0
PA_1212,48.87138946666666,2.3607783666666666,1212.0
PA_1213,48.860870733333336,2.3485540666666664,1213.0
PA_1214,48.84297913333333,2.4018209666666666,1214.0
PA_1215,48.867572800000005,2.3332837,1215.0
PA_1216,48.873701133333334,2.285237066666667,1216.0
PA_1217,48.8638862,2.320172166666667,1217.0
PA_1218,48.89067776666667,2.3764849666666668,1218.0
PA_1219,48.87558786666667,2.398846366666667,1219.0
PA_1220,48.87169753333333,2.3525791999999996,1220.0
PA_1221,48.84452723333334,2.3519056666666667,1221.0
PA_1222,48.863943199999994,2.3809045666666666,1222.0
PA_1223,48.85785106666666,2.277927233333333,1223.0
PA_1224,48.84490616666667,2.4056483666666666,1224.0
PA_1225,48.84690173333333,2.4084712666666666,1225.0
PA_1226,48.84689993333333,2.4084174,1226.0
PA_1227,48.844421399999995,2.381715666666667,1227.0
PA_1228,48.83447933333334,2.3573687,1228.0
PA_1229,48.87671793333334,2.3395973333333333,1229.0
PA_1230,48.8735756,2.3347487333333334,1230.0
PA_1231,48.88836463333333,2.3920891333333336,1231.0
PA_1232,48.895272766666665,2.345916133333333,1232.0
PA_1233,48.88559706666666,2.349861133333333,1233.0
PA_1234,48.7916274,2.8691543,1234.0
PA_1235,48.840437333333334,2.3460077,1235.0
PA_1236,48.84044285,2.3460814,1236.0
PA_1237,48.888390799999996,2.3921887,1237.0
PA_1238,48.93610913333333,2.4047689,1238.0
PA_1239,48.92093946666666,2.4111013666666667,1239.0
PA_1240,48.83349013333333,2.3629873,1240.0
PA_1241,48.8496029,2.355816966666666,1241.0
PA_1242,48.849867999999994,2.4025541666666665,1242.0
PA_1243,48.85936776666667,2.3888575,1243.0
PA_1244,48.86266403333334,2.3674724,1244.0
PA_1245,48.8501143,2.355188933333333,1245.0
PA_1246,48.8528305,2.3520508,1246.0
PA_1247,48.8812416,2.402403533333333,1247.0
PA_1248,48.86410896666666,2.3704786666666666,1248.0
PA_1249,48.8574975,2.354409233333333,1249.0
PA_1250,48.864017933333336,2.408083366666667,1250.0
PA_1251,48.879420100000004,2.2916415333333333,1251.0
PA_1252,48.8661333,2.2861808333333333,1252.0
PA_1253,48.8659034,2.3037294999999998,1253.0
PA_1254,48.868786666666665,2.3037424333333334,1254.0
PA_1255,48.866565900000005,2.3406723,1255.0
PA_1256,48.87759563333333,2.3520052333333332,1256.0
PA_1257,48.8646161,2.300773133333333,1257.0
PA_1258,48.85416526666666,2.3710720333333333,1258.0
PA_1259,48.83273323333333,2.4931304333333335,1259.0
PA_1260,48.86075376666667,2.3409674333333332,1260.0
PA_1261,48.838302999999996,2.3888899666666665,1261.0
PA_1262,48.863508233333334,2.340445433333333,1262.0
PA_1263,48.85841013333334,2.3421958333333333,1263.0
PA_1264,48.8601621,2.3421427666666665,1264.0
PA_1265,48.86030816666666,2.3521094666666666,1265.0
PA_1266,48.866667400000004,2.3580431,1266.0
PA_1267,48.849561599999994,2.3959931,1267.0
PA_1268,48.85837670000001,2.3426529666666664,1268.0
PA_1269,48.8662641,2.3355721000000003,1269.0
PA_1270,48.886480766666665,2.3747411666666665,1270.0
PA_1271,48.83608756666666,2.483878466666667,1271.0
PA_1272,48.835511499999996,2.3028171,1272.0
PA_1273,48.84567513333334,2.3544496333333336,1273.0
PA_1274,48.83485696666667,2.2840108666666663,1274.0
PA_1275,48.882633999999996,2.343900666666667,1275.0
PA_1276,48.886687800000004,2.3406089333333333,1276.0
PA_1277,48.866458566666665,2.3729123,1277.0
PA_1278,48.87429843333334,2.331246466666667,1278.0
PA_1279,48.8288023,2.2995322666666667,1279.0
PA_1280,48.882174899999995,2.3156527666666666,1280.0
PA_1281,48.86544326666667,2.360308266666667,1281.0
PA_1282,48.8460907,2.4236703333333334,1282.0
PA_1283,48.85967350000001,2.345935266666667,1283.0
PA_1284,48.893937566666665,2.304527766666667,1284.0
PA_1285,48.8631784,2.4131118666666667,1285.0
PA_1286,48.8632738,2.448724,1286.0
PA_1287,48.861932599999996,2.4232710333333336,1287.0
PA_1288,48.8837859,2.3712591,1288.0
PA_1289,48.86445223333334,2.3007885,1289.0
PA_1290,48.86447163333333,2.3007893999999998,1290.0
PA_1291,48.85910476666667,2.439608766666667,1291.0
PA_1292,48.890180566666665,2.339035366666667,1292.0
PA_1293,48.835938066666664,2.3584986333333333,1293.0
PA_1294,48.872433300000004,2.3137905,1294.0
PA_1295,48.8600186,2.3500922333333336,1295.0
PA_1296,48.8237375,2.3224833,1296.0
PA_1297,48.84446533333334,2.3901253,1297.0
PA_1298,48.83357926666667,2.2427144666666665,1298.0
PA_1299,48.85421223333333,2.3388381666666667,1299.0
PA_1300,48.820742300000006,2.375936766666667,1300.0
PA_1301,48.856155066666666,2.382559333333333,1301.0
PA_1302,48.8826101,2.361556166666667,1302.0
PA_1303,48.86007573333333,2.3665397333333336,1303.0
PA_1304,48.84787886666667,2.350842566666667,1304.0
PA_1305,48.847863000000004,2.35082335,1305.0
PA_1306,48.81998223333333,2.3106942,1306.0
PA_1307,48.83640546666667,2.3796874,1307.0
PA_1308,48.8336055,2.2440478,1308.0
PA_1309,48.847007,2.2745454666666665,1309.0
PA_1310,48.87293916666667,2.3160508666666666,1310.0
PA_1311,48.8600497,2.3077335333333333,1311.0
PA_1312,48.85809606666666,2.3092618,1312.0
PA_1313,48.892541066666666,2.3416558,1313.0
PA_1314,48.839809833333334,2.3498332333333334,1314.0
PA_1315,48.823465266666666,2.3253292,1315.0
PA_1316,48.824775433333336,2.3623130999999997,1316.0
PA_1317,48.853474866666666,2.342468766666667,1317.0
PA_1318,48.8731845,2.353135233333333,1318.0
PA_1319,48.87830663333333,2.3426491,1319.0
PA_1320,48.8789588,2.3446686666666667,1320.0
PA_1321,48.876742966666676,2.3486331000000003,1321.0
PA_1322,48.875196700000004,2.3408059666666667,1322.0
PA_1323,48.8494883,2.4038091,1323.0
PA_1324,48.8745308,2.3549286333333335,1324.0
PA_1325,48.87571929999999,2.3491306,1325.0
PA_1326,48.8770662,2.3480331333333333,1326.0
PA_1327,48.876666666666665,2.351403233333333,1327.0
PA_1328,48.87510003333333,2.3517812,1328.0
PA_1329,48.87586986666667,2.347725366666667,1329.0
PA_1330,48.83625266666667,2.3549401999999997,1330.0
PA_1331,48.82693766666667,2.3545062666666667,1331.0
PA_1332,48.84755353333333,2.3530952666666667,1332.0
PA_1333,48.86898953333333,2.3311255,1333.0
PA_1334,48.86834856666667,2.3301149,1334.0
PA_1335,48.837469399999996,2.2552634333333335,1335.0
PA_1336,48.85039773333333,2.385514366666667,1336.0
PA_1337,48.85207449999999,2.3371224666666666,1337.0
PA_1338,48.8431417,2.349488866666667,1338.0
PA_1339,48.845126099999995,2.4316316666666666,1339.0
PA_1340,48.876581933333334,2.3443014333333334,1340.0
PA_1341,48.84760923333334,2.4310857,1341.0
PA_1342,48.853966500000006,2.303788966666666,1342.0
PA_1343,48.856406533333335,2.309638233333333,1343.0
PA_1344,48.854286300000005,2.3501117666666667,1344.0
PA_1345,48.82107746666666,2.4168206,1345.0
PA_1346,48.849136466666664,2.3674679666666667,1346.0
PA_1347,48.86697813333333,2.3619911666666664,1347.0
PA_1348,48.8182185,2.4242388333333333,1348.0
PA_1349,48.830254333333336,2.3342469,1349.0
PA_1350,48.847199,2.317914,1350.0
PA_1351,48.841848,2.325479,1351.0
PA_1352,48.825731,2.360137,1352.0
PA_1353,48.832787,2.355016,1353.0
PA_1354,48.88067,2.360431,1354.0
PA_1355,48.877247,2.354811,1355.0
PA_1356,48.848051,2.392846,1356.0
PA_1357,48.87968,2.32403,1357.0
PA_1358,48.845624,2.342319,1358.0
PA_1359,48.848891,2.342013,1359.0
PA_1360,48.846042,2.343019,1360.0
PA_1361,48.859462,2.370537,1361.0
PA_1362,48.849187,2.391903,1362.0
PA_1363,48.886605,2.377463,1363.0
PA_1364,48.855164,2.419351,1364.0
PA_1365,48.850272,2.358674,1365.0
PA_1366,48.85137,2.37634,1366.0
PA_1367,48.886719,2.29596,1367.0
PA_1368,48.865088,2.443442,1368.0
PA_1369,48.904005,2.359106,1369.0
PA_1370,48.84147,2.353741,1370.0
PA_1371,48.827832,2.342522,1371.0
PA_1372,48.895855,2.346609,1372.0
PA_1373,48.865095,2.347384,1373.0
PA_1374,48.85767,2.368618,1374.0
PA_1375,48.863173,2.387689,1375.0
PA_1376,48.80272,2.42844,1376.0
PA_1377,48.8955,2.328048,1377.0
PA_1378,48.825606,2.207041,1378.0
PA_1379,48.82426,2.211876,1379.0
PA_1380,48.852444,2.344784,1380.0
PA_1381,48.863603,2.425093,1381.0
PA_1382,48.90133,2.34393,1382.0
PA_1383,48.84314,2.36379,1383.0
PA_1384,48.841148,2.352861,1384.0
PA_1385,48.865518,2.293006,1385.0
PA_1386,48.827843,2.275555,1386.0
PA_1387,48.820094,2.310909,1387.0
PA_1388,48.80819,2.241036,1388.0
PA_1389,48.813576,2.246601,1389.0
PA_1390,48.829516,2.262607,1390.0
PA_1391,48.813413,2.389114,1391.0
PA_1392,48.871013,2.34982,1392.0
PA_1393,48.81102,2.384178,1393.0
PA_1394,48.889173,2.319612,1394.0
PA_1395,48.864532,2.346783,1395.0
PA_1396,48.890105,2.303452,1396.0
PA_1397,48.869855,2.319257,1397.0
PA_1398,48.891203,2.317949,1398.0
PA_1399,48.89351,2.33337,1399.0
PA_1400,48.816723,2.364213,1400.0
PA_1401,48.852234,2.48951,1401.0
PA_1402,48.876339,2.414624,1402.0
PA_1403,48.832218,2.25343,1403.0
PA_1404,48.845257,2.370876,1404.0
PA_1405,48.830569,2.492884,1405.0
PA_1406,48.886993,2.313772,1406.0
PA_1407,48.849721,2.345072,1407.0
PA_1408,48.900471,2.367302,1408.0
PA_1409,48.81045,2.3502,1409.0
PA_1410,48.887532,2.320344,1410.0
PA_1411,48.85871,2.2757,1411.0
PA_1412,48.88794,2.307107,1412.0
PA_1413,48.866212,2.293588,1413.0
PA_1414,48.844979,2.436589,1414.0
PA_1415,48.81849,2.383889,1415.0
PA_1416,48.821266,2.250127,1416.0
PA_1417,48.842906,2.362192,1417.0
PA_1418,48.849389,2.303341,1418.0
PA_1419,48.868935,2.362326,1419.0
PA_1420,48.847205,2.383652,1420.0
PA_1421,48.852627,2.407411,1421.0
PA_1422,48.757865,2.348017,1422.0
PA_1423,48.870216,2.347786,1423.0
PA_1424,48.859587,2.369238,1424.0
PA_1425,48.855821,2.371851,1425.0
PA_1426,48.880106,2.258447,1426.0
PA_1427,48.880106,2.258447,1427.0
PA_1428,48.870968,2.275511,1428.0
PA_1429,48.832224,2.280645,1429.0
PA_1430,48.888272,2.299683,1430.0
PA_1431,48.858271,2.294608,1431.0
PA_1432,48.85953,2.35116,1432.0
PA_1433,48.841104,2.352405,1433.0
PA_1434,48.855267,2.432581,1434.0
PA_1435,48.93324,2.308266,1435.0
PA_1436,48.862793,2.276521,1436.0
PA_1437,48.84511,2.261539,1437.0
PA_1438,48.887448,2.318758,1438.0
PA_1439,48.858983,2.304337,1439.0
PA_1440,48.836192,2.400222,1440.0
PA_1441,48.852146,2.346653,1441.0
PA_1442,48.863137,2.296545,1442.0
PA_1443,48.691253,2.610455,1443.0
PA_1444,48.850426,2.344707,1444.0
PA_1445,48.841359,2.307184,1445.0
PA_1446,48.844445,2.318149,1446.0
PA_1447,48.83255,2.304369,1447.0
PA_1448,48.844731,2.293039,1448.0
PA_1449,48.858191,2.311045,1449.0
PA_1450,48.860695,2.320991,1450.0
PA_1451,48.846696,2.41065,1451.0
PA_1452,48.86551,2.372447,1452.0
PA_1453,48.846367,2.308957,1453.0
PA_1454,48.842022,2.281349,1454.0
PA_1455,48.88006,2.331212,1455.0
PA_1456,48.868365,2.358539,1456.0
PA_1457,48.857302,2.375646,1457.0
PA_1458,48.875709,2.343698,1458.0
PA_1459,48.872148,2.343307,1459.0
PA_1460,48.856619,2.444376,1460.0
PA_1461,48.846287,2.379519,1461.0
PA_1462,48.891362,2.319239,1462.0
PA_1463,48.848568,2.347903,1463.0
PA_1464,48.848214,2.346976,1464.0
PA_1465,48.898045,2.386217,1465.0
PA_1466,48.853363,2.346179,1466.0
PA_1467,48.82302,2.543613,1467.0
PA_1468,48.853912,2.37278,1468.0
PA_1469,48.874047,2.363789,1469.0
PA_1470,48.870765,2.348466,1470.0
PA_1471,48.880264,2.366811,1471.0
PA_1472,48.843649,2.293269,1472.0
PA_1473,48.864819,2.35822,1473.0
PA_1474,48.85644,2.353,1474.0
PA_1475,48.85644,2.353,1475.0
PA_1476,48.862209,2.297293,1476.0
PA_1477,48.861837,2.373032,1477.0
PA_1478,48.850768,2.342319,1478.0
PA_1479,48.887845,2.353636,1479.0
PA_1480,48.863118,2.347904,1480.0
PA_1481,48.870334,2.381666,1481.0
PA_1482,48.746125,2.446424,1482.0
PA_1483,48.869978,2.352411,1483.0
PA_1484,48.849017,2.40999,1484.0
PA_1485,48.858509,2.350597,1485.0
PA_1486,48.817968,2.413656,1486.0
PA_1487,48.866433,2.334367,1487.0
PA_1488,48.880222,2.286177,1488.0
PA_1489,48.87728,2.36975,1489.0
PA_1490,48.876486,2.341458,1490.0
PA_1491,48.8227169423565,2.32599098366814,1491.0
PA_1492,48.8227169423565,2.32599098366814,1492.0
PA_1493,48.8227169423565,2.32599098366814,1493.0
PA_1494,48.8227169423565,2.32599098366814,1494.0
PA_1495,48.829201,2.380502,1495.0
PA_1496,48.861674,2.348222,1496.0
PA_1497,48.863206,2.364256,1497.0
PA_1498,48.837282,2.348962,1498.0
PA_1499,48.855059,2.324768,1499.0
PA_1500,48.860829,2.352946,1500.0
PA_1501,48.853431,2.353789,1501.0
PA_1502,48.853431,2.353789,1502.0
PA_1503,48.8513227979547,2.35001459787752,1503.0
PA_1504,48.859272,2.349543,1504.0
PA_1505,48.8697104758419,2.36185002116136,1505.0
PA_1508,48.8541263633889,2.36236029779066,1508.0
PA_1509,48.8554376544274,2.35867333572967,1509.0
PA_1510,48.8680908113356,2.34824321504403,1510.0
PA_1511,48.8563635714136,2.36583810114811,1511.0
PA_1512,48.855627,2.351418,1512.0
PA_1513,48.848329,2.28102,1513.0
PA_1514,48.86427,2.310702,1514.0
PA_1515,48.856818,2.341748,1515.0
PA_1516,48.849505,2.36029,1516.0
PA_1517,48.833803,2.382641,1517.0
PA_1518,48.8533336071052,2.3340788755877,1518.0
PA_1519,48.852778773682,2.35956510386428,1519.0
PA_1520,48.8851561590163,2.35529345787205,1520.0
PA_1521,48.871888,2.297044,1521.0
PA_1522,48.877534,2.303576,1522.0
PA_1523,48.866582,2.337404,1523.0
